{
    "id": "dad02a2a-cc4a-4aa2-ac6a-64b047f325bc",
    "entityType": "Brick__Building",
    "entityName": "Beeah - OOTF -  Main building",
    "floors": [
      {
        "id": "468178e4-5b1c-4bb7-8cd1-5098f747435b",
        "entityType": "Brick__Floor",
        "entityName": "Ground Floor",
        "rooms": [
          {
            "id": "45e5aaf7-e159-4fd8-8818-4955565d8392",
            "entityType": "Brick__Conference_Room",
            "entityName": "RG2.3.9",
            "assets": [
              {
                "id": "9eb52f54-87e4-4535-9691-243e00055fbb",
                "entityType": "Brick__Energy_Meter",
                "entityName": "Energymeter:01",
                "points": [
                  {
                    "id": "0c4e8390-0ec9-4399-bb45-b428db8413a2",
                    "entityType": "Brick__Point",
                    "entityName": "Point:02",
                    "pointRole": "Demand",
                    "customData": [
                      {
                        "datatype": "sensor",
                        "units": "joules"
                      }
                    ]
                  },
                  {
                    "id": "5a7e3e5b-be9b-4b47-8f2a-c945f1ad58b2",
                    "entityType": "Brick__Point",
                    "entityName": "Point:01",
                    "pointRole": "Consumption",
                    "customData": [
                      {
                        "datatype": "sensor",
                        "units": "joules"
                      }
                    ]
                  }
                ]
              }
            ]
          }
        ]
      },
      {
        "id": "468178e4-5b1c-4bb7-8cd1-5098f747435b",
        "entityType": "Brick__Floor",
        "entityName": "Second Floor",
        "rooms": [
          {
            "id": "45e5aaf7-e159-4fd8-8818-4955565d8392",
            "entityType": "Brick__Conference_Room",
            "entityName": "RG2.3.9",
            "assets": [
              {
                "id": "9eb52f54-87e4-4535-9691-243e00055fbb",
                "entityType": "Brick__Energy_Meter",
                "entityName": "Energymeter:01",
                "points": [
                  {
                    "id": "0c4e8390-0ec9-4399-bb45-b428db8413a2",
                    "entityType": "Brick__Point",
                    "entityName": "Point:02",
                    "pointRole": "Demand",
                    "customData": [
                      {
                        "datatype": "sensor",
                        "units": "joules"
                      }
                    ]
                  },
                  {
                    "id": "5a7e3e5b-be9b-4b47-8f2a-c945f1ad58b2",
                    "entityType": "Brick__Point",
                    "entityName": "Point:01",
                    "pointRole": "Consumption",
                    "customData": [
                      {
                        "datatype": "sensor",
                        "units": "joules"
                      }
                    ]
                  }
                ]
              }
            ]
          }
        ]
      }
    ]
  }
